dataset	estimator	LT+TL_average_precision	LT+TL_average_precision_rank	LT+TL_average_precision_victories	LT+TL_roc_auc	LT+TL_roc_auc_rank	LT+TL_roc_auc_victories	TT_average_precision	TT_average_precision_rank	TT_average_precision_victories	TT_roc_auc	TT_roc_auc_rank	TT_roc_auc_victories	fit_score_time	fit_score_time_rank	fit_score_time_victories	fit_time	fit_time_rank	fit_time_victories
all_datasets	ad_density__50	0.64 (0.19)	0.62 (0.29)	0.0 (0.0)	0.49 (0.19)	0.47 (0.25)	0.0 (0.0)	0.62 (0.11)	0.6 (0.22)	0.0 (0.0)	0.55 (0.14)	0.52 (0.3)	0.0 (0.0)	0.4 (0.07)	0.4 (0.07)	0.0 (0.0)	0.4 (0.07)	0.39 (0.07)	0.0 (0.0)
all_datasets	ad_fixed__50	0.64 (0.16)	0.65 (0.18)	0.0 (0.0)	0.48 (0.17)	0.44 (0.22)	0.0 (0.0)	<b>0.65 (0.1)</b>	<b>0.71 (0.17)</b>	<b>0.1 (0.32)</b>	0.54 (0.1)	0.48 (0.18)	0.0 (0.0)	<b>0.3 (0.19)</b>	<b>0.3 (0.2)</b>	<b>0.0 (0.0)</b>	<b>0.31 (0.19)</b>	<b>0.31 (0.2)</b>	<b>0.0 (0.0)</b>
all_datasets	ad_random__50	0.64 (0.15)	0.66 (0.15)	0.0 (0.0)	0.49 (0.17)	0.48 (0.21)	0.0 (0.0)	<b>0.65 (0.12)</b>	<b>0.7 (0.27)</b>	<b>0.0 (0.0)</b>	0.55 (0.12)	0.46 (0.23)	0.0 (0.0)	0.41 (0.1)	0.41 (0.11)	0.0 (0.0)	0.41 (0.1)	0.42 (0.11)	0.0 (0.0)
all_datasets	ad_size__50	0.71 (0.18)	0.78 (0.24)	0.2 (0.42)	0.57 (0.26)	0.64 (0.36)	0.2 (0.42)	<b>0.66 (0.12)</b>	<b>0.74 (0.23)</b>	<b>0.2 (0.42)</b>	0.58 (0.12)	0.6 (0.26)	0.0 (0.0)	<b>0.27 (0.13)</b>	<b>0.28 (0.14)</b>	<b>0.0 (0.0)</b>	<b>0.26 (0.14)</b>	<b>0.25 (0.14)</b>	<b>0.0 (0.0)</b>
all_datasets	md_density__50	0.31 (0.23)	0.25 (0.26)	0.0 (0.0)	0.5 (0.21)	0.46 (0.3)	0.0 (0.0)	0.33 (0.23)	0.37 (0.37)	0.1 (0.32)	0.37 (0.21)	0.31 (0.33)	0.1 (0.32)	0.63 (0.29)	0.63 (0.3)	0.3 (0.48)	0.63 (0.3)	0.63 (0.3)	0.3 (0.48)
all_datasets	md_fixed__50	<b>0.81 (0.2)</b>	<b>0.9 (0.23)</b>	<b>0.6 (0.52)</b>	0.66 (0.19)	0.68 (0.25)	0.1 (0.32)	<b>0.64 (0.12)</b>	<b>0.65 (0.31)</b>	<b>0.2 (0.42)</b>	0.58 (0.15)	0.57 (0.32)	0.1 (0.32)	0.62 (0.36)	0.63 (0.35)	0.3 (0.48)	0.62 (0.36)	0.62 (0.37)	0.3 (0.48)
all_datasets	md_random__50	0.44 (0.23)	0.41 (0.29)	0.1 (0.32)	0.63 (0.18)	0.67 (0.26)	0.2 (0.42)	0.43 (0.17)	0.43 (0.31)	0.1 (0.32)	0.52 (0.16)	0.6 (0.33)	0.1 (0.32)	0.58 (0.25)	0.57 (0.26)	0.0 (0.0)	0.58 (0.25)	0.58 (0.25)	0.0 (0.0)
all_datasets	md_size__50	0.55 (0.17)	0.54 (0.21)	0.0 (0.0)	0.69 (0.2)	0.67 (0.29)	0.1 (0.32)	0.5 (0.14)	0.49 (0.23)	0.0 (0.0)	0.57 (0.12)	0.58 (0.24)	0.1 (0.32)	<b>0.34 (0.25)</b>	<b>0.34 (0.26)</b>	<b>0.0 (0.0)</b>	<b>0.35 (0.24)</b>	<b>0.35 (0.26)</b>	<b>0.0 (0.0)</b>
all_datasets	mse_density__50	0.3 (0.19)	0.27 (0.21)	0.0 (0.0)	0.45 (0.28)	0.46 (0.33)	0.1 (0.32)	0.41 (0.17)	0.37 (0.3)	0.1 (0.32)	0.55 (0.22)	0.55 (0.32)	0.1 (0.32)	0.84 (0.24)	0.83 (0.25)	0.3 (0.48)	0.84 (0.24)	0.83 (0.25)	0.3 (0.48)
all_datasets	mse_fixed__50	0.64 (0.16)	0.63 (0.2)	0.0 (0.0)	0.53 (0.21)	0.5 (0.31)	0.0 (0.0)	0.58 (0.15)	0.52 (0.31)	0.0 (0.0)	0.54 (0.18)	0.54 (0.35)	0.1 (0.32)	0.67 (0.32)	0.66 (0.34)	0.1 (0.32)	0.67 (0.33)	0.67 (0.32)	0.1 (0.32)
all_datasets	mse_random__50	0.38 (0.19)	0.36 (0.18)	0.0 (0.0)	0.49 (0.26)	0.53 (0.33)	0.2 (0.42)	0.49 (0.16)	0.46 (0.27)	0.1 (0.32)	0.58 (0.2)	0.64 (0.32)	0.1 (0.32)	0.81 (0.1)	0.81 (0.1)	0.0 (0.0)	0.81 (0.1)	0.81 (0.1)	0.0 (0.0)
all_datasets	mse_size__50	0.46 (0.18)	0.42 (0.18)	0.0 (0.0)	0.53 (0.2)	0.51 (0.29)	0.0 (0.0)	0.52 (0.11)	0.46 (0.18)	0.0 (0.0)	0.58 (0.15)	0.64 (0.23)	0.0 (0.0)	0.63 (0.21)	0.63 (0.21)	0.0 (0.0)	0.63 (0.21)	0.63 (0.21)	0.0 (0.0)
davis	ad_density__50	0.36 (0.04)	0.42 (0.28)	0.0 (0.0)	0.8 (0.02)	0.26 (0.15)	0.0 (0.0)	0.21 (0.07)	0.58 (0.26)	0.0 (0.0)	0.73 (0.04)	0.44 (0.25)	0.0 (0.0)	7.68 (0.42)	0.3 (0.07)	0.0 (0.0)	7.31 (0.43)	0.3 (0.07)	0.0 (0.0)
davis	ad_fixed__50	0.36 (0.04)	0.46 (0.23)	0.0 (0.0)	0.8 (0.02)	0.3 (0.2)	0.0 (0.0)	0.22 (0.07)	0.59 (0.25)	0.12 (0.34)	0.73 (0.04)	0.47 (0.19)	0.0 (0.0)	<b>6.78 (0.42)</b>	<b>0.09 (0.03)</b>	<b>0.0 (0.0)</b>	<b>6.46 (0.43)</b>	<b>0.09 (0.03)</b>	<b>0.0 (0.0)</b>
davis	ad_random__50	0.36 (0.04)	0.53 (0.19)	0.0 (0.0)	0.8 (0.02)	0.29 (0.22)	0.0 (0.0)	<b>0.22 (0.07)</b>	<b>0.73 (0.23)</b>	<b>0.19 (0.4)</b>	0.74 (0.04)	0.53 (0.32)	0.06 (0.25)	7.58 (0.48)	0.28 (0.08)	0.0 (0.0)	7.23 (0.47)	0.27 (0.07)	0.0 (0.0)
davis	ad_size__50	0.36 (0.04)	0.44 (0.3)	0.0 (0.0)	0.8 (0.02)	0.32 (0.15)	0.0 (0.0)	0.22 (0.07)	0.61 (0.31)	0.12 (0.34)	0.73 (0.04)	0.42 (0.28)	0.06 (0.25)	7.35 (0.43)	0.2 (0.09)	0.0 (0.0)	6.99 (0.44)	0.2 (0.09)	0.0 (0.0)
davis	md_density__50	0.36 (0.04)	0.4 (0.32)	0.06 (0.25)	0.81 (0.02)	0.71 (0.24)	0.06 (0.25)	0.2 (0.06)	0.4 (0.31)	0.06 (0.25)	0.73 (0.04)	0.39 (0.26)	0.0 (0.0)	10.86 (0.8)	0.6 (0.03)	0.0 (0.0)	10.53 (0.79)	0.59 (0.03)	0.0 (0.0)
davis	md_fixed__50	<b>0.37 (0.04)</b>	<b>0.78 (0.22)</b>	<b>0.25 (0.45)</b>	0.8 (0.02)	0.55 (0.23)	0.12 (0.34)	<b>0.23 (0.07)</b>	<b>0.73 (0.2)</b>	<b>0.19 (0.4)</b>	0.74 (0.04)	0.51 (0.25)	0.0 (0.0)	11.21 (0.94)	0.65 (0.03)	0.0 (0.0)	10.89 (0.94)	0.66 (0.03)	0.0 (0.0)
davis	md_random__50	<b>0.36 (0.04)</b>	<b>0.65 (0.25)</b>	<b>0.06 (0.25)</b>	<b>0.81 (0.02)</b>	<b>0.78 (0.23)</b>	<b>0.25 (0.45)</b>	0.2 (0.05)	0.44 (0.31)	0.06 (0.25)	<b>0.75 (0.04)</b>	<b>0.65 (0.29)</b>	<b>0.06 (0.25)</b>	9.62 (0.72)	0.5 (0.0)	0.0 (0.0)	9.27 (0.69)	0.5 (0.0)	0.0 (0.0)
davis	md_size__50	<b>0.37 (0.04)</b>	<b>0.71 (0.32)</b>	<b>0.38 (0.5)</b>	<b>0.81 (0.02)</b>	<b>0.89 (0.15)</b>	<b>0.44 (0.51)</b>	0.21 (0.06)	0.56 (0.29)	0.06 (0.25)	<b>0.75 (0.04)</b>	<b>0.74 (0.26)</b>	<b>0.31 (0.48)</b>	8.28 (0.69)	0.39 (0.05)	0.0 (0.0)	7.9 (0.64)	0.39 (0.05)	0.0 (0.0)
davis	mse_density__50	0.36 (0.03)	0.54 (0.28)	0.06 (0.25)	0.81 (0.02)	0.64 (0.21)	0.0 (0.0)	0.2 (0.06)	0.24 (0.14)	0.0 (0.0)	0.74 (0.04)	0.55 (0.3)	0.06 (0.25)	31.01 (2.12)	1.0 (0.0)	1.0 (0.0)	30.71 (2.13)	1.0 (0.0)	1.0 (0.0)
davis	mse_fixed__50	0.36 (0.04)	0.57 (0.27)	0.0 (0.0)	0.8 (0.02)	0.42 (0.25)	0.0 (0.0)	<b>0.22 (0.07)</b>	<b>0.67 (0.29)</b>	<b>0.19 (0.4)</b>	0.74 (0.04)	0.54 (0.29)	0.12 (0.34)	14.98 (1.11)	0.75 (0.0)	0.0 (0.0)	14.65 (1.12)	0.75 (0.0)	0.0 (0.0)
davis	mse_random__50	0.36 (0.04)	0.47 (0.26)	0.0 (0.0)	0.81 (0.02)	0.67 (0.17)	0.0 (0.0)	0.21 (0.07)	0.42 (0.27)	0.0 (0.0)	<b>0.75 (0.05)</b>	<b>0.65 (0.33)</b>	<b>0.25 (0.45)</b>	22.09 (1.59)	0.92 (0.0)	0.0 (0.0)	21.78 (1.6)	0.92 (0.0)	0.0 (0.0)
davis	mse_size__50	0.36 (0.04)	0.53 (0.31)	0.19 (0.4)	0.81 (0.02)	0.67 (0.26)	0.12 (0.34)	0.21 (0.06)	0.52 (0.2)	0.0 (0.0)	<b>0.74 (0.05)</b>	<b>0.61 (0.28)</b>	<b>0.06 (0.25)</b>	16.85 (1.14)	0.83 (0.0)	0.0 (0.0)	16.54 (1.14)	0.83 (0.0)	0.0 (0.0)
enzymes	ad_density__50	0.42 (0.05)	0.73 (0.12)	0.06 (0.25)	0.77 (0.03)	0.26 (0.11)	0.0 (0.0)	0.17 (0.06)	0.74 (0.13)	0.0 (0.0)	0.66 (0.04)	0.41 (0.2)	0.0 (0.0)	49.24 (2.23)	0.36 (0.05)	0.0 (0.0)	39.25 (2.3)	0.36 (0.05)	0.0 (0.0)
enzymes	ad_fixed__50	0.42 (0.05)	0.74 (0.14)	0.06 (0.25)	0.77 (0.03)	0.29 (0.11)	0.0 (0.0)	<b>0.17 (0.06)</b>	<b>0.84 (0.12)</b>	<b>0.19 (0.4)</b>	0.66 (0.05)	0.42 (0.17)	0.0 (0.0)	49.64 (3.82)	0.36 (0.1)	0.0 (0.0)	39.31 (2.8)	0.38 (0.07)	0.0 (0.0)
enzymes	ad_random__50	0.43 (0.05)	0.83 (0.11)	0.06 (0.25)	0.77 (0.03)	0.25 (0.11)	0.0 (0.0)	<b>0.17 (0.06)</b>	<b>0.81 (0.16)</b>	<b>0.19 (0.4)</b>	0.65 (0.04)	0.33 (0.16)	0.0 (0.0)	46.43 (1.82)	0.24 (0.06)	0.0 (0.0)	35.9 (2.0)	0.23 (0.05)	0.0 (0.0)
enzymes	ad_size__50	0.42 (0.05)	0.77 (0.14)	0.12 (0.34)	0.77 (0.03)	0.23 (0.12)	0.0 (0.0)	<b>0.17 (0.06)</b>	<b>0.78 (0.12)</b>	<b>0.12 (0.34)</b>	0.66 (0.04)	0.39 (0.17)	0.0 (0.0)	44.72 (2.21)	0.16 (0.05)	0.0 (0.0)	<b>33.85 (2.2)</b>	<b>0.09 (0.03)</b>	<b>0.0 (0.0)</b>
enzymes	md_density__50	0.28 (0.04)	0.08 (0.0)	0.0 (0.0)	0.8 (0.03)	0.64 (0.1)	0.0 (0.0)	0.04 (0.02)	0.09 (0.02)	0.0 (0.0)	0.62 (0.02)	0.21 (0.16)	0.0 (0.0)	67.75 (2.54)	0.58 (0.0)	0.0 (0.0)	58.12 (2.26)	0.58 (0.0)	0.0 (0.0)
enzymes	md_fixed__50	<b>0.43 (0.05)</b>	<b>0.93 (0.14)</b>	<b>0.69 (0.48)</b>	0.79 (0.02)	0.55 (0.1)	0.0 (0.0)	0.17 (0.06)	0.68 (0.2)	0.19 (0.4)	0.68 (0.03)	0.64 (0.16)	0.0 (0.0)	87.83 (3.93)	0.72 (0.04)	0.0 (0.0)	78.71 (3.58)	0.72 (0.04)	0.0 (0.0)
enzymes	md_random__50	0.34 (0.04)	0.17 (0.0)	0.0 (0.0)	0.8 (0.03)	0.78 (0.12)	0.06 (0.25)	0.06 (0.03)	0.21 (0.11)	0.0 (0.0)	0.66 (0.02)	0.45 (0.29)	0.0 (0.0)	56.05 (2.21)	0.49 (0.02)	0.0 (0.0)	46.69 (1.18)	0.5 (0.0)	0.0 (0.0)
enzymes	md_size__50	0.39 (0.04)	0.28 (0.05)	0.0 (0.0)	<b>0.81 (0.02)</b>	<b>0.89 (0.1)</b>	<b>0.31 (0.48)</b>	0.11 (0.04)	0.31 (0.09)	0.0 (0.0)	0.69 (0.04)	0.65 (0.25)	0.06 (0.25)	<b>44.35 (2.12)</b>	<b>0.12 (0.06)</b>	<b>0.0 (0.0)</b>	35.4 (1.7)	0.19 (0.06)	0.0 (0.0)
enzymes	mse_density__50	0.4 (0.04)	0.32 (0.05)	0.0 (0.0)	<b>0.81 (0.02)</b>	<b>0.91 (0.1)</b>	<b>0.5 (0.52)</b>	0.12 (0.06)	0.3 (0.07)	0.0 (0.0)	<b>0.71 (0.04)</b>	<b>0.9 (0.1)</b>	<b>0.44 (0.51)</b>	353.77 (6.62)	1.0 (0.0)	1.0 (0.0)	347.62 (7.34)	1.0 (0.0)	1.0 (0.0)
enzymes	mse_fixed__50	0.42 (0.05)	0.65 (0.14)	0.0 (0.0)	0.77 (0.03)	0.22 (0.15)	0.0 (0.0)	0.17 (0.07)	0.72 (0.19)	0.12 (0.34)	0.66 (0.05)	0.39 (0.23)	0.0 (0.0)	87.25 (5.04)	0.69 (0.04)	0.0 (0.0)	78.16 (4.82)	0.7 (0.04)	0.0 (0.0)
enzymes	mse_random__50	0.4 (0.04)	0.41 (0.04)	0.0 (0.0)	0.8 (0.02)	0.76 (0.12)	0.0 (0.0)	0.14 (0.07)	0.4 (0.17)	0.0 (0.0)	<b>0.71 (0.04)</b>	<b>0.89 (0.11)</b>	<b>0.25 (0.45)</b>	229.95 (12.26)	0.92 (0.0)	0.0 (0.0)	223.85 (12.88)	0.92 (0.0)	0.0 (0.0)
enzymes	mse_size__50	0.41 (0.04)	0.59 (0.16)	0.0 (0.0)	0.8 (0.03)	0.72 (0.18)	0.12 (0.34)	0.15 (0.06)	0.61 (0.21)	0.19 (0.4)	0.7 (0.04)	0.83 (0.13)	0.25 (0.45)	147.88 (5.71)	0.83 (0.0)	0.0 (0.0)	141.24 (5.66)	0.83 (0.0)	0.0 (0.0)
ern	ad_density__50	<b>0.2 (0.05)</b>	<b>0.79 (0.15)</b>	<b>0.19 (0.4)</b>	0.67 (0.03)	0.39 (0.22)	0.0 (0.0)	0.04 (0.01)	0.51 (0.3)	0.0 (0.0)	0.58 (0.04)	0.33 (0.18)	0.0 (0.0)	184.52 (18.57)	0.48 (0.08)	0.0 (0.0)	180.46 (19.05)	0.48 (0.08)	0.0 (0.0)
ern	ad_fixed__50	<b>0.2 (0.05)</b>	<b>0.78 (0.14)</b>	<b>0.12 (0.34)</b>	0.67 (0.03)	0.38 (0.27)	0.0 (0.0)	0.04 (0.01)	0.58 (0.28)	0.19 (0.4)	0.58 (0.04)	0.49 (0.26)	0.12 (0.34)	193.72 (16.06)	0.53 (0.1)	0.0 (0.0)	189.75 (16.85)	0.53 (0.1)	0.0 (0.0)
ern	ad_random__50	<b>0.2 (0.05)</b>	<b>0.77 (0.15)</b>	<b>0.12 (0.34)</b>	0.67 (0.03)	0.44 (0.22)	0.06 (0.25)	0.04 (0.01)	0.57 (0.27)	0.06 (0.25)	0.59 (0.05)	0.47 (0.26)	0.06 (0.25)	177.0 (17.05)	0.41 (0.08)	0.0 (0.0)	173.01 (17.69)	0.41 (0.08)	0.0 (0.0)
ern	ad_size__50	<b>0.2 (0.04)</b>	<b>0.87 (0.14)</b>	<b>0.25 (0.45)</b>	0.67 (0.03)	0.43 (0.24)	0.06 (0.25)	0.04 (0.01)	0.6 (0.32)	0.06 (0.25)	0.59 (0.05)	0.55 (0.32)	0.12 (0.34)	158.27 (14.34)	0.21 (0.04)	0.0 (0.0)	153.92 (15.12)	0.22 (0.05)	0.0 (0.0)
ern	md_density__50	0.17 (0.04)	0.33 (0.09)	0.0 (0.0)	0.69 (0.03)	0.86 (0.13)	0.25 (0.45)	0.04 (0.01)	0.67 (0.33)	0.25 (0.45)	<b>0.62 (0.03)</b>	<b>0.77 (0.32)</b>	<b>0.38 (0.5)</b>	152.08 (4.3)	0.2 (0.04)	0.0 (0.0)	147.87 (4.66)	0.2 (0.04)	0.0 (0.0)
ern	md_fixed__50	<b>0.2 (0.04)</b>	<b>0.84 (0.16)</b>	<b>0.31 (0.48)</b>	0.67 (0.03)	0.28 (0.14)	0.0 (0.0)	0.04 (0.01)	0.57 (0.25)	0.06 (0.25)	0.58 (0.04)	0.33 (0.23)	0.0 (0.0)	804.07 (66.53)	1.0 (0.0)	1.0 (0.0)	799.34 (67.41)	1.0 (0.0)	1.0 (0.0)
ern	md_random__50	0.18 (0.04)	0.44 (0.07)	0.0 (0.0)	<b>0.69 (0.03)</b>	<b>0.91 (0.15)</b>	<b>0.44 (0.51)</b>	0.03 (0.01)	0.55 (0.27)	0.0 (0.0)	<b>0.62 (0.03)</b>	<b>0.74 (0.23)</b>	<b>0.12 (0.34)</b>	181.15 (6.72)	0.43 (0.09)	0.0 (0.0)	177.13 (7.33)	0.43 (0.1)	0.0 (0.0)
ern	md_size__50	0.18 (0.04)	0.51 (0.1)	0.0 (0.0)	0.69 (0.03)	0.87 (0.08)	0.19 (0.4)	0.03 (0.01)	0.53 (0.15)	0.0 (0.0)	0.6 (0.02)	0.6 (0.15)	0.0 (0.0)	<b>127.33 (5.9)</b>	<b>0.08 (0.0)</b>	<b>0.0 (0.0)</b>	<b>123.36 (6.36)</b>	<b>0.08 (0.0)</b>	<b>0.0 (0.0)</b>
ern	mse_density__50	0.15 (0.03)	0.09 (0.02)	0.0 (0.0)	0.68 (0.03)	0.53 (0.21)	0.0 (0.0)	0.03 (0.01)	0.47 (0.38)	0.19 (0.4)	0.61 (0.03)	0.67 (0.3)	0.19 (0.4)	351.43 (23.65)	0.84 (0.02)	0.0 (0.0)	347.68 (24.08)	0.84 (0.02)	0.0 (0.0)
ern	mse_fixed__50	0.19 (0.05)	0.65 (0.18)	0.0 (0.0)	0.67 (0.03)	0.27 (0.21)	0.0 (0.0)	0.04 (0.02)	0.46 (0.35)	0.12 (0.34)	0.58 (0.04)	0.34 (0.23)	0.0 (0.0)	371.69 (27.54)	0.91 (0.02)	0.0 (0.0)	366.82 (28.92)	0.91 (0.02)	0.0 (0.0)
ern	mse_random__50	0.15 (0.03)	0.18 (0.05)	0.0 (0.0)	0.68 (0.03)	0.48 (0.19)	0.0 (0.0)	0.03 (0.01)	0.49 (0.31)	0.06 (0.25)	0.61 (0.03)	0.59 (0.28)	0.0 (0.0)	292.45 (20.13)	0.75 (0.0)	0.0 (0.0)	288.65 (20.67)	0.75 (0.0)	0.0 (0.0)
ern	mse_size__50	0.16 (0.03)	0.27 (0.07)	0.0 (0.0)	0.68 (0.03)	0.67 (0.1)	0.0 (0.0)	0.03 (0.01)	0.49 (0.19)	0.0 (0.0)	0.61 (0.03)	0.62 (0.23)	0.0 (0.0)	211.78 (12.31)	0.66 (0.03)	0.0 (0.0)	208.21 (12.88)	0.66 (0.03)	0.0 (0.0)
gpcr	ad_density__50	0.29 (0.04)	0.77 (0.16)	0.12 (0.34)	<b>0.77 (0.03)</b>	<b>0.51 (0.32)</b>	<b>0.06 (0.25)</b>	<b>0.14 (0.07)</b>	<b>0.66 (0.24)</b>	<b>0.06 (0.25)</b>	0.75 (0.06)	0.59 (0.26)	0.12 (0.34)	3.49 (0.27)	0.33 (0.0)	0.0 (0.0)	3.27 (0.27)	0.33 (0.0)	0.0 (0.0)
gpcr	ad_fixed__50	0.28 (0.04)	0.7 (0.12)	0.0 (0.0)	0.76 (0.03)	0.4 (0.19)	0.0 (0.0)	<b>0.14 (0.06)</b>	<b>0.65 (0.19)</b>	<b>0.06 (0.25)</b>	0.73 (0.06)	0.45 (0.24)	0.0 (0.0)	<b>2.32 (0.16)</b>	<b>0.12 (0.04)</b>	<b>0.0 (0.0)</b>	<b>2.08 (0.16)</b>	<b>0.12 (0.04)</b>	<b>0.0 (0.0)</b>
gpcr	ad_random__50	<b>0.29 (0.04)</b>	<b>0.77 (0.2)</b>	<b>0.19 (0.4)</b>	0.77 (0.03)	0.54 (0.31)	0.06 (0.25)	<b>0.15 (0.07)</b>	<b>0.74 (0.22)</b>	<b>0.19 (0.4)</b>	0.74 (0.05)	0.55 (0.25)	0.06 (0.25)	3.89 (0.4)	0.44 (0.04)	0.0 (0.0)	3.67 (0.4)	0.44 (0.04)	0.0 (0.0)
gpcr	ad_size__50	<b>0.29 (0.04)</b>	<b>0.79 (0.19)</b>	<b>0.19 (0.4)</b>	<b>0.77 (0.02)</b>	<b>0.57 (0.29)</b>	<b>0.12 (0.34)</b>	0.14 (0.07)	0.62 (0.21)	0.06 (0.25)	0.73 (0.05)	0.55 (0.24)	0.0 (0.0)	4.11 (0.57)	0.51 (0.09)	0.0 (0.0)	3.89 (0.58)	0.51 (0.09)	0.0 (0.0)
gpcr	md_density__50	0.24 (0.04)	0.09 (0.02)	0.0 (0.0)	0.76 (0.02)	0.28 (0.23)	0.0 (0.0)	0.09 (0.04)	0.18 (0.16)	0.0 (0.0)	0.7 (0.06)	0.25 (0.27)	0.0 (0.0)	7.87 (0.8)	0.99 (0.02)	0.94 (0.25)	7.65 (0.8)	0.99 (0.02)	0.94 (0.25)
gpcr	md_fixed__50	<b>0.29 (0.04)</b>	<b>0.85 (0.14)</b>	<b>0.19 (0.4)</b>	<b>0.77 (0.03)</b>	<b>0.67 (0.28)</b>	<b>0.19 (0.4)</b>	<b>0.14 (0.07)</b>	<b>0.64 (0.31)</b>	<b>0.12 (0.34)</b>	0.73 (0.05)	0.47 (0.24)	0.06 (0.25)	<b>2.33 (0.18)</b>	<b>0.13 (0.04)</b>	<b>0.0 (0.0)</b>	<b>2.08 (0.18)</b>	<b>0.12 (0.04)</b>	<b>0.0 (0.0)</b>
gpcr	md_random__50	0.25 (0.04)	0.24 (0.15)	0.0 (0.0)	0.77 (0.02)	0.56 (0.29)	0.0 (0.0)	0.1 (0.06)	0.31 (0.28)	0.06 (0.25)	0.74 (0.06)	0.49 (0.28)	0.06 (0.25)	6.3 (0.69)	0.82 (0.04)	0.0 (0.0)	6.08 (0.68)	0.82 (0.04)	0.0 (0.0)
gpcr	md_size__50	0.26 (0.04)	0.36 (0.19)	0.06 (0.25)	0.77 (0.02)	0.49 (0.32)	0.12 (0.34)	0.11 (0.05)	0.3 (0.17)	0.0 (0.0)	0.74 (0.06)	0.5 (0.23)	0.0 (0.0)	4.53 (0.44)	0.62 (0.06)	0.0 (0.0)	4.3 (0.44)	0.62 (0.06)	0.0 (0.0)
gpcr	mse_density__50	0.26 (0.04)	0.32 (0.1)	0.0 (0.0)	<b>0.77 (0.03)</b>	<b>0.62 (0.24)</b>	<b>0.12 (0.34)</b>	0.14 (0.06)	0.58 (0.27)	0.06 (0.25)	<b>0.77 (0.06)</b>	<b>0.79 (0.19)</b>	<b>0.31 (0.48)</b>	6.98 (0.65)	0.92 (0.03)	0.06 (0.25)	6.74 (0.65)	0.92 (0.03)	0.06 (0.25)
gpcr	mse_fixed__50	<b>0.29 (0.05)</b>	<b>0.72 (0.25)</b>	<b>0.25 (0.45)</b>	0.77 (0.03)	0.48 (0.24)	0.0 (0.0)	0.13 (0.06)	0.51 (0.24)	0.06 (0.25)	0.72 (0.05)	0.41 (0.33)	0.06 (0.25)	2.84 (0.22)	0.25 (0.0)	0.0 (0.0)	2.6 (0.22)	0.25 (0.0)	0.0 (0.0)
gpcr	mse_random__50	0.27 (0.04)	0.49 (0.13)	0.0 (0.0)	<b>0.77 (0.02)</b>	<b>0.69 (0.28)</b>	<b>0.19 (0.4)</b>	<b>0.15 (0.07)</b>	<b>0.79 (0.21)</b>	<b>0.31 (0.48)</b>	<b>0.77 (0.06)</b>	<b>0.8 (0.23)</b>	<b>0.25 (0.45)</b>	5.95 (0.55)	0.77 (0.03)	0.0 (0.0)	5.71 (0.56)	0.77 (0.03)	0.0 (0.0)
gpcr	mse_size__50	0.27 (0.04)	0.41 (0.14)	0.0 (0.0)	<b>0.77 (0.03)</b>	<b>0.69 (0.24)</b>	<b>0.12 (0.34)</b>	0.13 (0.06)	0.53 (0.25)	0.0 (0.0)	0.75 (0.04)	0.64 (0.28)	0.06 (0.25)	4.42 (0.34)	0.59 (0.05)	0.0 (0.0)	4.18 (0.34)	0.6 (0.05)	0.0 (0.0)
ion_channels	ad_density__50	0.42 (0.05)	0.8 (0.15)	0.12 (0.34)	0.78 (0.02)	0.33 (0.16)	0.0 (0.0)	<b>0.2 (0.1)</b>	<b>0.66 (0.23)</b>	<b>0.12 (0.34)</b>	0.68 (0.06)	0.53 (0.19)	0.0 (0.0)	6.44 (0.32)	0.4 (0.09)	0.0 (0.0)	5.97 (0.31)	0.4 (0.08)	0.0 (0.0)
ion_channels	ad_fixed__50	0.42 (0.05)	0.73 (0.17)	0.0 (0.0)	0.78 (0.02)	0.41 (0.16)	0.0 (0.0)	0.19 (0.09)	0.62 (0.24)	0.12 (0.34)	0.68 (0.06)	0.52 (0.24)	0.06 (0.25)	<b>4.33 (0.16)</b>	<b>0.09 (0.02)</b>	<b>0.0 (0.0)</b>	<b>3.82 (0.18)</b>	<b>0.09 (0.02)</b>	<b>0.0 (0.0)</b>
ion_channels	ad_random__50	0.42 (0.05)	0.61 (0.21)	0.0 (0.0)	0.78 (0.02)	0.27 (0.21)	0.0 (0.0)	<b>0.2 (0.09)</b>	<b>0.67 (0.25)</b>	<b>0.19 (0.4)</b>	0.68 (0.05)	0.5 (0.28)	0.0 (0.0)	6.56 (0.38)	0.46 (0.04)	0.0 (0.0)	6.12 (0.35)	0.46 (0.04)	0.0 (0.0)
ion_channels	ad_size__50	0.42 (0.05)	0.65 (0.18)	0.06 (0.25)	0.78 (0.02)	0.22 (0.12)	0.0 (0.0)	<b>0.2 (0.09)</b>	<b>0.7 (0.27)</b>	<b>0.19 (0.4)</b>	0.68 (0.06)	0.54 (0.22)	0.06 (0.25)	6.34 (0.33)	0.38 (0.07)	0.0 (0.0)	5.86 (0.34)	0.38 (0.07)	0.0 (0.0)
ion_channels	md_density__50	0.35 (0.03)	0.08 (0.0)	0.0 (0.0)	0.79 (0.02)	0.43 (0.21)	0.0 (0.0)	0.12 (0.05)	0.09 (0.02)	0.0 (0.0)	0.64 (0.05)	0.2 (0.17)	0.0 (0.0)	17.59 (1.0)	1.0 (0.0)	1.0 (0.0)	17.15 (0.98)	1.0 (0.0)	1.0 (0.0)
ion_channels	md_fixed__50	<b>0.43 (0.05)</b>	<b>0.94 (0.11)</b>	<b>0.62 (0.5)</b>	<b>0.8 (0.02)</b>	<b>0.83 (0.19)</b>	<b>0.31 (0.48)</b>	<b>0.2 (0.09)</b>	<b>0.77 (0.18)</b>	<b>0.0 (0.0)</b>	<b>0.7 (0.06)</b>	<b>0.73 (0.22)</b>	<b>0.12 (0.34)</b>	4.91 (0.35)	0.16 (0.02)	0.0 (0.0)	4.41 (0.29)	0.16 (0.02)	0.0 (0.0)
ion_channels	md_random__50	0.38 (0.04)	0.17 (0.02)	0.0 (0.0)	0.79 (0.02)	0.48 (0.21)	0.0 (0.0)	0.14 (0.06)	0.25 (0.15)	0.0 (0.0)	0.65 (0.05)	0.3 (0.24)	0.0 (0.0)	13.59 (0.77)	0.83 (0.0)	0.0 (0.0)	13.17 (0.76)	0.83 (0.0)	0.0 (0.0)
ion_channels	md_size__50	0.4 (0.04)	0.4 (0.19)	0.06 (0.25)	0.8 (0.02)	0.75 (0.16)	0.06 (0.25)	0.16 (0.07)	0.42 (0.27)	0.06 (0.25)	0.66 (0.05)	0.37 (0.26)	0.0 (0.0)	8.8 (0.44)	0.61 (0.04)	0.0 (0.0)	8.37 (0.45)	0.61 (0.04)	0.0 (0.0)
ion_channels	mse_density__50	0.4 (0.04)	0.36 (0.17)	0.0 (0.0)	0.79 (0.03)	0.6 (0.25)	0.12 (0.34)	0.17 (0.08)	0.43 (0.22)	0.0 (0.0)	<b>0.7 (0.07)</b>	<b>0.69 (0.31)</b>	<b>0.25 (0.45)</b>	14.83 (0.64)	0.92 (0.0)	0.0 (0.0)	14.43 (0.65)	0.92 (0.0)	0.0 (0.0)
ion_channels	mse_fixed__50	0.42 (0.04)	0.62 (0.2)	0.0 (0.0)	0.79 (0.02)	0.53 (0.29)	0.06 (0.25)	<b>0.19 (0.09)</b>	<b>0.65 (0.28)</b>	<b>0.19 (0.4)</b>	<b>0.69 (0.06)</b>	<b>0.71 (0.26)</b>	<b>0.25 (0.45)</b>	6.04 (0.28)	0.27 (0.03)	0.0 (0.0)	5.54 (0.26)	0.26 (0.03)	0.0 (0.0)
ion_channels	mse_random__50	0.42 (0.04)	0.59 (0.21)	0.06 (0.25)	<b>0.8 (0.02)</b>	<b>0.84 (0.17)</b>	<b>0.19 (0.4)</b>	0.19 (0.09)	0.61 (0.21)	0.06 (0.25)	<b>0.7 (0.07)</b>	<b>0.71 (0.22)</b>	<b>0.12 (0.34)</b>	11.91 (0.4)	0.75 (0.0)	0.0 (0.0)	11.52 (0.41)	0.75 (0.0)	0.0 (0.0)
ion_channels	mse_size__50	0.41 (0.04)	0.54 (0.2)	0.06 (0.25)	<b>0.8 (0.02)</b>	<b>0.81 (0.19)</b>	<b>0.25 (0.45)</b>	<b>0.19 (0.09)</b>	<b>0.64 (0.17)</b>	<b>0.06 (0.25)</b>	<b>0.7 (0.07)</b>	<b>0.7 (0.23)</b>	<b>0.12 (0.34)</b>	8.81 (0.36)	0.64 (0.04)	0.0 (0.0)	8.39 (0.36)	0.64 (0.04)	0.0 (0.0)
kiba	ad_density__50	0.5 (0.01)	0.55 (0.14)	0.0 (0.0)	0.81 (0.01)	0.53 (0.17)	0.0 (0.0)	0.3 (0.02)	0.68 (0.19)	0.06 (0.25)	0.67 (0.02)	0.69 (0.17)	0.06 (0.25)	2252.04 (119.02)	0.51 (0.03)	0.0 (0.0)	2232.29 (124.57)	0.51 (0.03)	0.0 (0.0)
kiba	ad_fixed__50	0.5 (0.02)	0.58 (0.11)	0.0 (0.0)	0.81 (0.01)	0.49 (0.1)	0.0 (0.0)	<b>0.31 (0.02)</b>	<b>0.76 (0.2)</b>	<b>0.25 (0.45)</b>	0.67 (0.02)	0.68 (0.22)	0.12 (0.34)	2318.36 (136.77)	0.57 (0.03)	0.0 (0.0)	2298.3 (143.14)	0.57 (0.03)	0.0 (0.0)
kiba	ad_random__50	0.5 (0.02)	0.64 (0.11)	0.0 (0.0)	0.81 (0.01)	0.66 (0.12)	0.0 (0.0)	0.3 (0.02)	0.7 (0.23)	0.12 (0.34)	<b>0.67 (0.02)</b>	<b>0.76 (0.2)</b>	<b>0.19 (0.4)</b>	1915.72 (117.12)	0.41 (0.02)	0.0 (0.0)	1896.12 (121.83)	0.41 (0.02)	0.0 (0.0)
kiba	ad_size__50	0.5 (0.01)	0.78 (0.08)	0.0 (0.0)	0.82 (0.01)	0.74 (0.12)	0.0 (0.0)	0.3 (0.02)	0.64 (0.17)	0.0 (0.0)	0.67 (0.02)	0.61 (0.18)	0.0 (0.0)	<b>1342.26 (75.83)</b>	<b>0.08 (0.0)</b>	<b>0.0 (0.0)</b>	<b>1323.8 (78.0)</b>	<b>0.08 (0.0)</b>	<b>0.0 (0.0)</b>
kiba	md_density__50	0.49 (0.02)	0.32 (0.09)	0.0 (0.0)	0.81 (0.01)	0.41 (0.1)	0.0 (0.0)	0.29 (0.02)	0.13 (0.09)	0.0 (0.0)	0.65 (0.02)	0.11 (0.07)	0.0 (0.0)	1669.44 (13.43)	0.34 (0.02)	0.0 (0.0)	1648.55 (14.05)	0.34 (0.02)	0.0 (0.0)
kiba	md_fixed__50	<b>0.51 (0.02)</b>	<b>1.0 (0.0)</b>	<b>1.0 (0.0)</b>	<b>0.82 (0.01)</b>	<b>0.99 (0.03)</b>	<b>0.88 (0.34)</b>	<b>0.31 (0.02)</b>	<b>0.81 (0.18)</b>	<b>0.25 (0.45)</b>	<b>0.68 (0.02)</b>	<b>0.81 (0.18)</b>	<b>0.25 (0.45)</b>	13703.8 (861.82)	0.74 (0.03)	0.0 (0.0)	13684.17 (866.02)	0.74 (0.03)	0.0 (0.0)
kiba	md_random__50	0.49 (0.02)	0.49 (0.14)	0.0 (0.0)	0.81 (0.01)	0.56 (0.15)	0.0 (0.0)	0.3 (0.02)	0.29 (0.19)	0.0 (0.0)	0.66 (0.02)	0.23 (0.13)	0.0 (0.0)	1602.24 (12.95)	0.25 (0.0)	0.0 (0.0)	1582.13 (13.23)	0.25 (0.0)	0.0 (0.0)
kiba	md_size__50	0.5 (0.02)	0.71 (0.16)	0.0 (0.0)	0.82 (0.01)	0.7 (0.13)	0.0 (0.0)	0.3 (0.02)	0.44 (0.23)	0.0 (0.0)	0.67 (0.02)	0.43 (0.22)	0.0 (0.0)	1487.33 (8.71)	0.17 (0.0)	0.0 (0.0)	1464.32 (7.23)	0.17 (0.0)	0.0 (0.0)
kiba	mse_density__50	0.48 (0.01)	0.12 (0.06)	0.0 (0.0)	0.8 (0.01)	0.11 (0.04)	0.0 (0.0)	0.3 (0.01)	0.49 (0.33)	0.12 (0.34)	0.67 (0.02)	0.49 (0.31)	0.12 (0.34)	26636.53 (274.57)	1.0 (0.0)	1.0 (0.0)	26619.21 (276.79)	1.0 (0.0)	1.0 (0.0)
kiba	mse_fixed__50	0.5 (0.01)	0.89 (0.07)	0.0 (0.0)	0.82 (0.01)	0.92 (0.04)	0.12 (0.34)	<b>0.31 (0.02)</b>	<b>0.76 (0.19)</b>	<b>0.12 (0.34)</b>	<b>0.68 (0.02)</b>	<b>0.81 (0.18)</b>	<b>0.25 (0.45)</b>	17761.91 (2056.05)	0.83 (0.0)	0.0 (0.0)	17740.89 (2061.74)	0.83 (0.0)	0.0 (0.0)
kiba	mse_random__50	0.48 (0.01)	0.16 (0.06)	0.0 (0.0)	0.8 (0.01)	0.15 (0.05)	0.0 (0.0)	0.3 (0.01)	0.42 (0.21)	0.0 (0.0)	0.67 (0.02)	0.45 (0.18)	0.0 (0.0)	22480.46 (219.61)	0.92 (0.0)	0.0 (0.0)	22463.55 (221.8)	0.92 (0.0)	0.0 (0.0)
kiba	mse_size__50	0.49 (0.01)	0.26 (0.09)	0.0 (0.0)	0.81 (0.01)	0.23 (0.05)	0.0 (0.0)	0.3 (0.02)	0.39 (0.22)	0.06 (0.25)	0.67 (0.02)	0.42 (0.2)	0.0 (0.0)	12580.48 (98.66)	0.68 (0.03)	0.0 (0.0)	12564.41 (100.97)	0.68 (0.03)	0.0 (0.0)
lncrna	ad_density__50	0.5 (0.03)	0.63 (0.19)	0.0 (0.0)	0.79 (0.03)	0.57 (0.19)	0.0 (0.0)	<b>0.3 (0.08)</b>	<b>0.72 (0.21)</b>	<b>0.06 (0.25)</b>	<b>0.65 (0.07)</b>	<b>0.68 (0.3)</b>	<b>0.12 (0.34)</b>	191.5 (9.58)	0.35 (0.05)	0.0 (0.0)	185.49 (10.64)	0.36 (0.06)	0.0 (0.0)
lncrna	ad_fixed__50	0.5 (0.03)	0.64 (0.15)	0.0 (0.0)	0.79 (0.03)	0.47 (0.22)	0.06 (0.25)	0.3 (0.08)	0.69 (0.2)	0.0 (0.0)	0.65 (0.06)	0.57 (0.28)	0.06 (0.25)	<b>175.26 (10.39)</b>	<b>0.15 (0.06)</b>	<b>0.0 (0.0)</b>	<b>169.59 (11.02)</b>	<b>0.15 (0.06)</b>	<b>0.0 (0.0)</b>
lncrna	ad_random__50	0.5 (0.03)	0.66 (0.18)	0.06 (0.25)	0.79 (0.03)	0.59 (0.25)	0.12 (0.34)	<b>0.3 (0.08)</b>	<b>0.74 (0.19)</b>	<b>0.25 (0.45)</b>	<b>0.65 (0.07)</b>	<b>0.67 (0.25)</b>	<b>0.12 (0.34)</b>	193.88 (10.83)	0.39 (0.05)	0.0 (0.0)	187.72 (12.33)	0.36 (0.07)	0.0 (0.0)
lncrna	ad_size__50	<b>0.5 (0.03)</b>	<b>0.96 (0.11)</b>	<b>0.81 (0.4)</b>	<b>0.8 (0.03)</b>	<b>0.82 (0.17)</b>	<b>0.25 (0.45)</b>	<b>0.3 (0.08)</b>	<b>0.8 (0.21)</b>	<b>0.38 (0.5)</b>	<b>0.65 (0.06)</b>	<b>0.72 (0.2)</b>	<b>0.12 (0.34)</b>	187.17 (9.49)	0.26 (0.05)	0.0 (0.0)	181.1 (10.16)	0.26 (0.06)	0.0 (0.0)
lncrna	md_density__50	0.49 (0.03)	0.38 (0.1)	0.0 (0.0)	0.79 (0.03)	0.45 (0.16)	0.0 (0.0)	0.28 (0.08)	0.36 (0.23)	0.0 (0.0)	0.64 (0.07)	0.42 (0.26)	0.0 (0.0)	230.01 (8.3)	0.58 (0.02)	0.0 (0.0)	224.16 (8.35)	0.58 (0.02)	0.0 (0.0)
lncrna	md_fixed__50	0.5 (0.03)	0.82 (0.13)	0.06 (0.25)	0.8 (0.03)	0.81 (0.17)	0.25 (0.45)	<b>0.3 (0.08)</b>	<b>0.71 (0.19)</b>	<b>0.12 (0.34)</b>	<b>0.65 (0.07)</b>	<b>0.73 (0.17)</b>	<b>0.06 (0.25)</b>	821.58 (59.52)	1.0 (0.0)	1.0 (0.0)	816.52 (59.75)	1.0 (0.0)	1.0 (0.0)
lncrna	md_random__50	0.49 (0.04)	0.53 (0.17)	0.0 (0.0)	0.79 (0.03)	0.68 (0.22)	0.12 (0.34)	0.29 (0.08)	0.46 (0.2)	0.0 (0.0)	0.65 (0.07)	0.57 (0.26)	0.06 (0.25)	216.67 (12.59)	0.51 (0.02)	0.0 (0.0)	211.23 (12.25)	0.51 (0.02)	0.0 (0.0)
lncrna	md_size__50	0.49 (0.03)	0.59 (0.17)	0.0 (0.0)	<b>0.8 (0.03)</b>	<b>0.77 (0.17)</b>	<b>0.06 (0.25)</b>	0.29 (0.08)	0.56 (0.23)	0.12 (0.34)	0.65 (0.07)	0.57 (0.21)	0.06 (0.25)	<b>175.64 (9.6)</b>	<b>0.11 (0.04)</b>	<b>0.0 (0.0)</b>	<b>170.03 (9.34)</b>	<b>0.11 (0.04)</b>	<b>0.0 (0.0)</b>
lncrna	mse_density__50	0.46 (0.03)	0.08 (0.0)	0.0 (0.0)	0.77 (0.02)	0.09 (0.02)	0.0 (0.0)	0.27 (0.07)	0.2 (0.14)	0.0 (0.0)	0.63 (0.06)	0.27 (0.19)	0.0 (0.0)	677.12 (33.74)	0.84 (0.03)	0.0 (0.0)	671.77 (33.87)	0.84 (0.03)	0.0 (0.0)
lncrna	mse_fixed__50	0.5 (0.03)	0.77 (0.16)	0.06 (0.25)	<b>0.8 (0.03)</b>	<b>0.69 (0.2)</b>	<b>0.12 (0.34)</b>	0.3 (0.08)	0.77 (0.18)	0.06 (0.25)	<b>0.65 (0.07)</b>	<b>0.77 (0.23)</b>	<b>0.38 (0.5)</b>	699.85 (33.28)	0.91 (0.03)	0.0 (0.0)	694.44 (33.79)	0.91 (0.03)	0.0 (0.0)
lncrna	mse_random__50	0.46 (0.03)	0.17 (0.0)	0.0 (0.0)	0.78 (0.02)	0.17 (0.05)	0.0 (0.0)	0.27 (0.07)	0.22 (0.11)	0.0 (0.0)	0.63 (0.06)	0.24 (0.12)	0.0 (0.0)	607.85 (27.64)	0.75 (0.0)	0.0 (0.0)	602.94 (28.01)	0.75 (0.0)	0.0 (0.0)
lncrna	mse_size__50	0.48 (0.03)	0.27 (0.06)	0.0 (0.0)	0.79 (0.02)	0.39 (0.22)	0.0 (0.0)	0.27 (0.07)	0.27 (0.22)	0.0 (0.0)	0.63 (0.05)	0.29 (0.22)	0.0 (0.0)	560.02 (24.9)	0.67 (0.0)	0.0 (0.0)	555.21 (25.34)	0.67 (0.0)	0.0 (0.0)
mirna	ad_density__50	0.17 (0.01)	0.83 (0.11)	0.06 (0.25)	0.63 (0.01)	0.83 (0.09)	0.06 (0.25)	0.09 (0.0)	0.72 (0.2)	0.06 (0.25)	<b>0.55 (0.01)</b>	<b>0.79 (0.22)</b>	<b>0.31 (0.48)</b>	2246.96 (117.64)	0.45 (0.04)	0.0 (0.0)	2202.34 (128.95)	0.45 (0.04)	0.0 (0.0)
mirna	ad_fixed__50	0.17 (0.01)	0.82 (0.13)	0.19 (0.4)	0.63 (0.01)	0.82 (0.13)	0.25 (0.45)	0.09 (0.0)	0.73 (0.19)	0.06 (0.25)	<b>0.55 (0.01)</b>	<b>0.72 (0.19)</b>	<b>0.12 (0.34)</b>	2223.28 (257.23)	0.46 (0.04)	0.0 (0.0)	2183.52 (261.52)	0.47 (0.05)	0.0 (0.0)
mirna	ad_random__50	0.16 (0.01)	0.68 (0.13)	0.0 (0.0)	0.63 (0.01)	0.61 (0.13)	0.0 (0.0)	0.09 (0.0)	0.59 (0.28)	0.06 (0.25)	<b>0.55 (0.01)</b>	<b>0.66 (0.3)</b>	<b>0.06 (0.25)</b>	2633.73 (164.39)	0.58 (0.0)	0.0 (0.0)	2588.3 (176.07)	0.58 (0.02)	0.0 (0.0)
mirna	ad_size__50	0.16 (0.01)	0.75 (0.11)	0.0 (0.0)	<b>0.64 (0.01)</b>	<b>0.95 (0.09)</b>	<b>0.56 (0.51)</b>	<b>0.09 (0.0)</b>	<b>0.85 (0.19)</b>	<b>0.31 (0.48)</b>	0.55 (0.01)	0.79 (0.2)	0.25 (0.45)	1487.59 (71.11)	0.22 (0.06)	0.0 (0.0)	1418.67 (100.11)	0.21 (0.07)	0.0 (0.0)
mirna	md_density__50	0.15 (0.0)	0.21 (0.04)	0.0 (0.0)	0.63 (0.0)	0.27 (0.05)	0.0 (0.0)	0.08 (0.0)	0.19 (0.18)	0.0 (0.0)	0.54 (0.01)	0.24 (0.16)	0.0 (0.0)	1585.28 (11.74)	0.32 (0.03)	0.0 (0.0)	1523.37 (10.06)	0.3 (0.05)	0.0 (0.0)
mirna	md_fixed__50	<b>0.17 (0.01)</b>	<b>0.92 (0.12)</b>	<b>0.56 (0.51)</b>	0.63 (0.0)	0.68 (0.14)	0.0 (0.0)	0.09 (0.0)	0.59 (0.2)	0.0 (0.0)	0.55 (0.01)	0.61 (0.23)	0.0 (0.0)	4531.03 (191.64)	0.67 (0.0)	0.0 (0.0)	4483.44 (206.59)	0.67 (0.0)	0.0 (0.0)
mirna	md_random__50	0.15 (0.0)	0.35 (0.04)	0.0 (0.0)	0.63 (0.0)	0.47 (0.16)	0.0 (0.0)	0.09 (0.0)	0.45 (0.24)	0.0 (0.0)	0.55 (0.01)	0.51 (0.24)	0.06 (0.25)	1503.46 (64.26)	0.21 (0.04)	0.0 (0.0)	1460.62 (74.74)	0.24 (0.06)	0.0 (0.0)
mirna	md_size__50	0.16 (0.0)	0.54 (0.07)	0.0 (0.0)	0.63 (0.01)	0.75 (0.16)	0.12 (0.34)	0.09 (0.0)	0.78 (0.19)	0.31 (0.48)	<b>0.55 (0.01)</b>	<b>0.71 (0.21)</b>	<b>0.12 (0.34)</b>	<b>1307.41 (27.4)</b>	<b>0.08 (0.0)</b>	<b>0.0 (0.0)</b>	<b>1257.84 (40.93)</b>	<b>0.08 (0.0)</b>	<b>0.0 (0.0)</b>
mirna	mse_density__50	0.14 (0.0)	0.08 (0.0)	0.0 (0.0)	0.62 (0.0)	0.09 (0.02)	0.0 (0.0)	0.08 (0.0)	0.18 (0.13)	0.0 (0.0)	0.54 (0.0)	0.16 (0.1)	0.0 (0.0)	9143.66 (119.84)	0.83 (0.0)	0.0 (0.0)	9119.33 (122.27)	0.83 (0.0)	0.0 (0.0)
mirna	mse_fixed__50	0.16 (0.01)	0.71 (0.17)	0.19 (0.4)	0.63 (0.0)	0.52 (0.09)	0.0 (0.0)	0.09 (0.0)	0.51 (0.29)	0.12 (0.34)	0.54 (0.01)	0.38 (0.23)	0.0 (0.0)	10630.86 (483.62)	1.0 (0.0)	1.0 (0.0)	10595.76 (492.57)	1.0 (0.0)	1.0 (0.0)
mirna	mse_random__50	0.15 (0.0)	0.21 (0.04)	0.0 (0.0)	0.62 (0.0)	0.16 (0.02)	0.0 (0.0)	0.08 (0.0)	0.35 (0.11)	0.0 (0.0)	0.54 (0.01)	0.36 (0.16)	0.0 (0.0)	9619.75 (86.48)	0.92 (0.0)	0.0 (0.0)	9595.56 (88.84)	0.92 (0.0)	0.0 (0.0)
mirna	mse_size__50	0.15 (0.01)	0.4 (0.04)	0.0 (0.0)	0.63 (0.0)	0.34 (0.07)	0.0 (0.0)	0.09 (0.0)	0.57 (0.2)	0.06 (0.25)	0.55 (0.01)	0.58 (0.22)	0.06 (0.25)	7876.5 (158.12)	0.75 (0.0)	0.0 (0.0)	7854.08 (159.27)	0.75 (0.0)	0.0 (0.0)
nuclear_receptors	ad_density__50	<b>0.23 (0.05)</b>	<b>0.6 (0.28)</b>	<b>0.06 (0.25)</b>	<b>0.64 (0.05)</b>	<b>0.71 (0.22)</b>	<b>0.12 (0.34)</b>	0.13 (0.09)	0.45 (0.25)	0.06 (0.25)	0.55 (0.15)	0.46 (0.31)	0.12 (0.34)	1.04 (0.11)	0.38 (0.06)	0.0 (0.0)	0.91 (0.11)	0.39 (0.07)	0.0 (0.0)
nuclear_receptors	ad_fixed__50	<b>0.24 (0.05)</b>	<b>0.64 (0.29)</b>	<b>0.19 (0.4)</b>	<b>0.64 (0.05)</b>	<b>0.67 (0.24)</b>	<b>0.06 (0.25)</b>	0.14 (0.1)	0.54 (0.28)	0.06 (0.25)	0.56 (0.14)	0.49 (0.22)	0.0 (0.0)	0.78 (0.08)	0.23 (0.03)	0.0 (0.0)	0.65 (0.07)	0.25 (0.0)	0.0 (0.0)
nuclear_receptors	ad_random__50	<b>0.23 (0.06)</b>	<b>0.61 (0.21)</b>	<b>0.06 (0.25)</b>	<b>0.64 (0.06)</b>	<b>0.66 (0.25)</b>	<b>0.19 (0.4)</b>	0.13 (0.11)	0.46 (0.28)	0.06 (0.25)	0.57 (0.12)	0.49 (0.28)	0.0 (0.0)	1.08 (0.12)	0.43 (0.07)	0.0 (0.0)	0.95 (0.1)	0.44 (0.06)	0.0 (0.0)
nuclear_receptors	ad_size__50	<b>0.23 (0.05)</b>	<b>0.68 (0.26)</b>	<b>0.12 (0.34)</b>	<b>0.64 (0.05)</b>	<b>0.72 (0.19)</b>	<b>0.06 (0.25)</b>	0.14 (0.1)	0.53 (0.27)	0.06 (0.25)	0.6 (0.11)	0.62 (0.28)	0.06 (0.25)	1.09 (0.12)	0.44 (0.06)	0.0 (0.0)	0.96 (0.11)	0.43 (0.06)	0.0 (0.0)
nuclear_receptors	md_density__50	0.21 (0.05)	0.34 (0.26)	0.06 (0.25)	0.61 (0.06)	0.27 (0.22)	0.0 (0.0)	0.15 (0.11)	0.58 (0.26)	0.19 (0.4)	0.59 (0.15)	0.56 (0.25)	0.06 (0.25)	1.72 (0.21)	0.96 (0.05)	0.56 (0.51)	1.6 (0.2)	0.97 (0.04)	0.69 (0.48)
nuclear_receptors	md_fixed__50	0.24 (0.05)	0.68 (0.27)	0.12 (0.34)	<b>0.64 (0.05)</b>	<b>0.66 (0.27)</b>	<b>0.12 (0.34)</b>	0.13 (0.1)	0.44 (0.28)	0.06 (0.25)	0.58 (0.13)	0.54 (0.33)	0.19 (0.4)	<b>0.73 (0.09)</b>	<b>0.14 (0.07)</b>	<b>0.0 (0.0)</b>	<b>0.6 (0.07)</b>	<b>0.12 (0.04)</b>	<b>0.0 (0.0)</b>
nuclear_receptors	md_random__50	0.22 (0.06)	0.43 (0.3)	0.06 (0.25)	0.62 (0.07)	0.33 (0.3)	0.06 (0.25)	0.16 (0.12)	0.65 (0.28)	0.12 (0.34)	0.61 (0.17)	0.63 (0.3)	0.12 (0.34)	1.62 (0.21)	0.89 (0.12)	0.44 (0.51)	1.5 (0.2)	0.89 (0.1)	0.31 (0.48)
nuclear_receptors	md_size__50	<b>0.23 (0.05)</b>	<b>0.57 (0.25)</b>	<b>0.06 (0.25)</b>	0.62 (0.06)	0.33 (0.19)	0.0 (0.0)	0.15 (0.1)	0.53 (0.3)	0.0 (0.0)	0.59 (0.15)	0.51 (0.28)	0.0 (0.0)	1.32 (0.16)	0.64 (0.05)	0.0 (0.0)	1.2 (0.14)	0.64 (0.05)	0.0 (0.0)
nuclear_receptors	mse_density__50	<b>0.22 (0.05)</b>	<b>0.45 (0.29)</b>	<b>0.06 (0.25)</b>	0.62 (0.07)	0.49 (0.3)	0.06 (0.25)	0.15 (0.09)	0.66 (0.31)	0.19 (0.4)	0.58 (0.19)	0.52 (0.36)	0.19 (0.4)	1.57 (0.21)	0.87 (0.04)	0.0 (0.0)	1.44 (0.19)	0.87 (0.04)	0.0 (0.0)
nuclear_receptors	mse_fixed__50	<b>0.22 (0.06)</b>	<b>0.54 (0.32)</b>	<b>0.06 (0.25)</b>	<b>0.64 (0.06)</b>	<b>0.72 (0.19)</b>	<b>0.19 (0.4)</b>	0.13 (0.09)	0.48 (0.19)	0.0 (0.0)	0.6 (0.13)	0.61 (0.26)	0.06 (0.25)	<b>0.73 (0.09)</b>	<b>0.13 (0.04)</b>	<b>0.0 (0.0)</b>	<b>0.6 (0.07)</b>	<b>0.12 (0.04)</b>	<b>0.0 (0.0)</b>
nuclear_receptors	mse_random__50	<b>0.23 (0.06)</b>	<b>0.5 (0.26)</b>	<b>0.06 (0.25)</b>	0.63 (0.06)	0.48 (0.29)	0.12 (0.34)	0.15 (0.09)	0.61 (0.26)	0.0 (0.0)	0.59 (0.17)	0.52 (0.29)	0.0 (0.0)	1.43 (0.17)	0.77 (0.04)	0.0 (0.0)	1.3 (0.16)	0.77 (0.05)	0.0 (0.0)
nuclear_receptors	mse_size__50	0.22 (0.06)	0.47 (0.32)	0.06 (0.25)	0.62 (0.06)	0.45 (0.24)	0.0 (0.0)	0.14 (0.1)	0.58 (0.31)	0.06 (0.25)	0.59 (0.15)	0.54 (0.32)	0.06 (0.25)	1.32 (0.14)	0.62 (0.05)	0.0 (0.0)	1.2 (0.13)	0.61 (0.04)	0.0 (0.0)
srn	ad_density__50	0.07 (0.01)	0.26 (0.15)	0.0 (0.0)	0.59 (0.01)	0.55 (0.21)	0.0 (0.0)	0.02 (0.01)	0.49 (0.25)	0.0 (0.0)	0.54 (0.01)	0.58 (0.26)	0.0 (0.0)	794.16 (72.68)	0.42 (0.06)	0.0 (0.0)	787.87 (73.83)	0.42 (0.06)	0.0 (0.0)
srn	ad_fixed__50	0.07 (0.01)	0.31 (0.13)	0.0 (0.0)	<b>0.59 (0.01)</b>	<b>0.55 (0.34)</b>	<b>0.19 (0.4)</b>	0.02 (0.01)	0.52 (0.29)	0.0 (0.0)	0.54 (0.02)	0.56 (0.29)	0.12 (0.34)	769.17 (100.68)	0.41 (0.12)	0.0 (0.0)	762.88 (101.57)	0.41 (0.12)	0.0 (0.0)
srn	ad_random__50	0.07 (0.01)	0.31 (0.18)	0.0 (0.0)	<b>0.59 (0.01)</b>	<b>0.64 (0.27)</b>	<b>0.06 (0.25)</b>	0.02 (0.01)	0.48 (0.31)	0.12 (0.34)	0.54 (0.02)	0.52 (0.3)	0.06 (0.25)	815.68 (95.15)	0.47 (0.1)	0.0 (0.0)	809.61 (96.25)	0.47 (0.1)	0.0 (0.0)
srn	ad_size__50	0.07 (0.01)	0.37 (0.11)	0.0 (0.0)	<b>0.59 (0.01)</b>	<b>0.68 (0.22)</b>	<b>0.06 (0.25)</b>	0.02 (0.01)	0.51 (0.34)	0.19 (0.4)	0.54 (0.02)	0.57 (0.36)	0.19 (0.4)	614.36 (18.21)	0.25 (0.05)	0.0 (0.0)	606.8 (20.05)	0.24 (0.06)	0.0 (0.0)
srn	md_density__50	<b>0.08 (0.01)</b>	<b>0.85 (0.14)</b>	<b>0.19 (0.4)</b>	<b>0.59 (0.01)</b>	<b>0.65 (0.3)</b>	<b>0.19 (0.4)</b>	<b>0.02 (0.01)</b>	<b>0.66 (0.34)</b>	<b>0.38 (0.5)</b>	0.54 (0.02)	0.54 (0.33)	0.19 (0.4)	1357.37 (24.78)	0.75 (0.0)	0.0 (0.0)	1351.22 (25.86)	0.75 (0.0)	0.0 (0.0)
srn	md_fixed__50	0.07 (0.01)	0.3 (0.21)	0.0 (0.0)	<b>0.59 (0.01)</b>	<b>0.56 (0.29)</b>	<b>0.06 (0.25)</b>	0.02 (0.01)	0.48 (0.28)	0.06 (0.25)	0.54 (0.02)	0.46 (0.34)	0.12 (0.34)	87216.37 (428.85)	1.0 (0.0)	1.0 (0.0)	87209.01 (431.72)	1.0 (0.0)	1.0 (0.0)
srn	md_random__50	<b>0.08 (0.01)</b>	<b>0.9 (0.11)</b>	<b>0.38 (0.5)</b>	<b>0.59 (0.01)</b>	<b>0.73 (0.19)</b>	<b>0.12 (0.34)</b>	<b>0.02 (0.01)</b>	<b>0.73 (0.2)</b>	<b>0.06 (0.25)</b>	0.54 (0.01)	0.6 (0.26)	0.12 (0.34)	2830.51 (151.43)	0.83 (0.0)	0.0 (0.0)	2824.52 (152.32)	0.83 (0.0)	0.0 (0.0)
srn	md_size__50	<b>0.08 (0.01)</b>	<b>0.82 (0.11)</b>	<b>0.12 (0.34)</b>	0.59 (0.01)	0.42 (0.25)	0.06 (0.25)	<b>0.02 (0.01)</b>	<b>0.61 (0.28)</b>	<b>0.06 (0.25)</b>	0.54 (0.01)	0.59 (0.24)	0.0 (0.0)	897.16 (45.49)	0.57 (0.09)	0.0 (0.0)	890.52 (46.13)	0.57 (0.09)	0.0 (0.0)
srn	mse_density__50	0.08 (0.01)	0.58 (0.16)	0.0 (0.0)	0.59 (0.01)	0.4 (0.27)	0.06 (0.25)	0.02 (0.01)	0.58 (0.24)	0.0 (0.0)	0.54 (0.02)	0.48 (0.23)	0.0 (0.0)	585.52 (25.76)	0.18 (0.03)	0.0 (0.0)	579.76 (27.1)	0.18 (0.03)	0.0 (0.0)
srn	mse_fixed__50	0.07 (0.01)	0.29 (0.16)	0.0 (0.0)	<b>0.59 (0.01)</b>	<b>0.54 (0.38)</b>	<b>0.19 (0.4)</b>	0.02 (0.01)	0.31 (0.25)	0.0 (0.0)	0.54 (0.02)	0.4 (0.24)	0.0 (0.0)	3881.48 (521.87)	0.92 (0.0)	0.0 (0.0)	3873.42 (524.25)	0.92 (0.0)	0.0 (0.0)
srn	mse_random__50	0.08 (0.01)	0.67 (0.18)	0.06 (0.25)	0.59 (0.01)	0.46 (0.27)	0.0 (0.0)	0.02 (0.01)	0.54 (0.23)	0.0 (0.0)	0.54 (0.02)	0.6 (0.29)	0.06 (0.25)	926.64 (91.53)	0.62 (0.07)	0.0 (0.0)	920.67 (92.75)	0.62 (0.07)	0.0 (0.0)
srn	mse_size__50	<b>0.08 (0.01)</b>	<b>0.84 (0.1)</b>	<b>0.25 (0.45)</b>	0.58 (0.01)	0.32 (0.2)	0.0 (0.0)	<b>0.02 (0.01)</b>	<b>0.59 (0.29)</b>	<b>0.12 (0.34)</b>	0.54 (0.02)	0.59 (0.31)	0.12 (0.34)	<b>459.62 (27.32)</b>	<b>0.08 (0.0)</b>	<b>0.0 (0.0)</b>	<b>454.13 (27.62)</b>	<b>0.08 (0.0)</b>	<b>0.0 (0.0)</b>
